GeneID	GeneName	log2FC	P.Value	adj.P.Value
ENSG00000175899	A2M	-3.000086294	7.70E-06	0.006013654
ENSG00000205002	AARD	-3.362811742	8.47E-05	0.016733096
ENSG00000144452	ABCA12	5.177853832	0.000171441	0.02173847
ENSG00000141338	ABCA8	-2.865179738	0.000472254	0.036284651
ENSG00000115657	ABCB6	2.804888347	0.000901027	0.04985987
ENSG00000023839	ABCC2	6.218266388	0.000596398	0.040436852
ENSG00000160179	ABCG1	-2.338459721	3.65E-05	0.011031119
ENSG00000011198	ABHD5	-1.422824036	0.000431674	0.034673256
ENSG00000154175	ABI3BP	-2.552197866	6.36E-05	0.014356867
ENSG00000173210	ABLIM3	-1.90042079	8.93E-05	0.016816931
ENSG00000115361	ACADL	-3.16300874	0.000225752	0.02476421
ENSG00000159640	ACE	-2.557380543	8.86E-07	0.002552803
ENSG00000102575	ACP5	-2.905701168	3.97E-05	0.011245651
ENSG00000134940	ACRV1	4.269727299	0.000827524	0.047622396
ENSG00000111058	ACSS3	-2.769861908	1.79E-05	0.008022042
ENSG00000139567	ACVRL1	-2.843949436	3.95E-05	0.011245651
ENSG00000093072	ADA2	-1.980524201	0.000744057	0.044884425
ENSG00000148848	ADAM12	4.726946125	4.32E-05	0.011876632
ENSG00000138316	ADAMTS14	3.785533934	0.000327677	0.030584725
ENSG00000134917	ADAMTS8	-4.312416717	9.13E-05	0.016833614
ENSG00000156218	ADAMTSL3	-3.094053064	6.14E-05	0.014220343
ENSG00000143382	ADAMTSL4	-2.553737463	1.09E-05	0.006506547
ENSG00000197381	ADARB1	-1.913909687	0.000646417	0.041949839
ENSG00000131355	ADGRE3	-3.884498744	9.93E-06	0.006386973
ENSG00000117114	ADGRL2	-2.632297925	5.23E-05	0.01297329
ENSG00000128165	ADM2	3.570635611	0.000139755	0.0201257
ENSG00000144843	ADPRH	-2.321606316	2.32E-06	0.003792133
ENSG00000170214	ADRA1B	-3.69138729	0.000135202	0.0199449
ENSG00000043591	ADRB1	-4.233317631	2.00E-05	0.008454245
ENSG00000169252	ADRB2	-3.965718802	8.86E-06	0.006091729
ENSG00000272620	AFAP1-AS1	7.246464061	4.28E-06	0.004923545
ENSG00000155966	AFF2	-3.119808189	4.04E-05	0.011306421
ENSG00000204305	AGER	-5.482025145	1.80E-05	0.008024339
ENSG00000116771	AGMAT	3.780620787	8.73E-05	0.016816931
ENSG00000144891	AGTR1	-3.812056592	1.37E-06	0.002955768
ENSG00000124942	AHNAK	-2.252142533	0.000399926	0.033595412
ENSG00000163568	AIM2	3.494887835	0.000595704	0.040436852
ENSG00000162433	AK4	3.147922567	2.84E-05	0.010177057
ENSG00000198074	AKR1B10	7.510674519	0.000328234	0.030589464
ENSG00000227471	AKR1B15	4.927404597	0.000450516	0.03552617
ENSG00000162482	AKR7A3	5.932587735	0.000167529	0.0216801
ENSG00000211454	AKR7L	4.520664267	0.000537225	0.038774432
ENSG00000012779	ALOX5	-2.778444321	4.94E-06	0.005027991
ENSG00000181754	AMIGO1	-2.356145705	6.41E-05	0.014356867
ENSG00000154188	ANGPT1	-3.066400806	8.56E-07	0.002552803
ENSG00000101280	ANGPT4	-4.922541887	6.68E-06	0.005859043
ENSG00000148677	ANKRD1	-6.050381872	1.98E-06	0.003594016
ENSG00000180071	ANKRD18A	2.59480847	0.000407799	0.033880401
ENSG00000230006	ANKRD36BP2	4.233802162	0.000393696	0.033293572
ENSG00000174501	ANKRD36C	3.763302684	0.000546958	0.039289408
ENSG00000175311	ANKS4B	9.075512915	0.000494075	0.037168105
ENSG00000011426	ANLN	3.619405624	8.10E-05	0.01638297
ENSG00000011201	ANOS1	-2.78462246	5.06E-05	0.012769179
ENSG00000138772	ANXA3	-2.670266562	0.000381737	0.032842938
ENSG00000131471	AOC3	-3.809014572	3.44E-07	0.001891726
ENSG00000138356	AOX1	-2.30367151	0.00075308	0.045052351
ENSG00000077420	APBB1IP	-1.357095361	0.000887368	0.049360097
ENSG00000184730	APOBR	-2.701406533	3.39E-05	0.010808843
ENSG00000171885	AQP4	-3.668451128	0.000228081	0.024900737
ENSG00000198576	ARC	-3.092448634	0.000455206	0.035663529
ENSG00000198826	ARHGAP11A	2.602340255	0.000745068	0.044884425
ENSG00000138639	ARHGAP24	-1.74535939	0.000562889	0.039448515
ENSG00000163219	ARHGAP25	-1.537984857	0.0001145	0.018543474
ENSG00000186517	ARHGAP30	-1.661815741	0.000676488	0.04240005
ENSG00000031081	ARHGAP31	-2.66291886	1.43E-05	0.007329092
ENSG00000047648	ARHGAP6	-2.702515335	1.61E-05	0.007769283
ENSG00000198844	ARHGEF15	-2.611070819	0.000396537	0.033450165
ENSG00000114790	ARHGEF26	-2.912650364	2.89E-06	0.004066384
ENSG00000137135	ARHGEF39	2.178108932	0.000344082	0.031354123
ENSG00000129675	ARHGEF6	-1.548181337	0.000555466	0.039448515
ENSG00000126947	ARMCX1	-1.587490659	0.000725765	0.044474617
ENSG00000029153	ARNTL2	3.245957512	0.00087208	0.04892949
ENSG00000137486	ARRB1	-1.970153337	0.000163804	0.021486719
ENSG00000111339	ART4	-3.283906134	0.000788695	0.046267681
ENSG00000066279	ASPM	3.77334381	1.56E-05	0.007677711
ENSG00000176208	ATAD5	2.113569114	0.000693539	0.0431113
ENSG00000168874	ATOH8	-3.031771201	0.000473283	0.036284651
ENSG00000118322	ATP10B	3.986255569	0.000676355	0.04240005
ENSG00000196296	ATP2A1	2.68642002	0.000655156	0.042066262
ENSG00000147160	AWAT2	-4.471562313	0.000211981	0.024236713
ENSG00000168646	AXIN2	-2.255576655	7.82E-05	0.016138806
ENSG00000135454	B4GALNT1	4.427767	0.000331202	0.030771303
ENSG00000182272	B4GALNT4	5.617616919	0.000133494	0.019933179
ENSG00000187172	BAGE2	8.960573437	0.000500681	0.037339935
ENSG00000128298	BAIAP2L2	4.242199862	0.00059957	0.040436852
ENSG00000278910	BANCR	-4.473936733	4.86E-05	0.012629259
ENSG00000153064	BANK1	-1.986460686	2.55E-05	0.009690539
ENSG00000131668	BARX1	7.551707119	0.000232187	0.025032757
ENSG00000254560	BBOX1-AS1	5.154586142	0.00010237	0.01760953
ENSG00000137875	BCL2L10	5.816296285	0.00065368	0.042066262
ENSG00000176697	BDNF	-2.966671537	0.000596281	0.040436852
ENSG00000123095	BHLHE41	-1.781700335	0.000153986	0.020984369
ENSG00000110934	BIN2	-1.502210674	0.000215612	0.024466895
ENSG00000089685	BIRC5	3.590793012	0.000598619	0.040436852
ENSG00000112175	BMP5	-3.293472746	0.000277384	0.027545974
ENSG00000164619	BMPER	-3.715843355	2.64E-06	0.003931937
ENSG00000204217	BMPR2	-1.706341461	0.000336822	0.031079014
ENSG00000136492	BRIP1	2.760940657	0.000154044	0.020984369
ENSG00000010671	BTK	-1.861648921	0.000451733	0.035540485
ENSG00000165810	BTNL9	-3.612231459	0.000109563	0.01839714
ENSG00000169679	BUB1	2.564785242	0.000609508	0.040734687
ENSG00000156970	BUB1B	3.272543306	0.000205938	0.024014193
ENSG00000204161	C10orf128	-1.682828432	0.00067729	0.042406336
ENSG00000165511	C10orf25	-2.075160203	0.000366651	0.032373921
ENSG00000173237	C11orf86	10.58763975	0.000416797	0.03417416
ENSG00000111412	C12orf49	-2.125328601	4.52E-06	0.004975119
ENSG00000227051	C14orf132	-2.946665462	2.67E-05	0.009853023
ENSG00000162817	C1orf115	-2.585573633	0.000478308	0.03646158
ENSG00000143110	C1orf162	-2.281133077	0.000804387	0.046690757
ENSG00000119280	C1orf198	-2.37070048	3.12E-05	0.010346956
ENSG00000116667	C1orf21	-1.800379578	8.98E-05	0.016816931
ENSG00000125462	C1orf61	6.817333118	0.000190521	0.023293725
ENSG00000133466	C1QTNF6	2.538770216	0.000552912	0.039448515
ENSG00000215595	C20orf202	-3.134725793	8.87E-05	0.016816931
ENSG00000179270	C2orf71	-4.524678827	9.96E-05	0.017555829
ENSG00000123838	C4BPA	-3.150613637	0.000466137	0.036052879
ENSG00000197405	C5AR1	-2.151911239	0.000769435	0.04569216
ENSG00000172244	C5orf34	2.478536069	0.000746624	0.044914623
ENSG00000104267	CA2	-3.5939186	5.66E-07	0.002294607
ENSG00000164879	CA3	-2.976781524	0.000665364	0.042095391
ENSG00000167434	CA4	-5.844831785	1.27E-05	0.006995506
ENSG00000131686	CA6	4.827631781	0.000458083	0.035796193
ENSG00000107159	CA9	8.005708271	0.000182646	0.022544831
ENSG00000102547	CAB39L	-1.806008579	0.000596263	0.040436852
ENSG00000154040	CABYR	3.685038493	6.43E-05	0.014356867
ENSG00000081248	CACNA1S	-4.817741681	0.000205774	0.024014193
ENSG00000182985	CADM1	-1.783336115	0.000371798	0.032496304
ENSG00000012822	CALCOCO1	-1.705851744	0.000324408	0.030485469
ENSG00000064989	CALCRL	-2.539936523	0.000380254	0.032842938
ENSG00000132357	CARD6	-1.650257677	0.000259033	0.026628712
ENSG00000177303	CASKIN2	-2.13831939	0.00025771	0.026628712
ENSG00000204403	CASP12	-3.297170093	0.000435084	0.03490077
ENSG00000087589	CASS4	-2.724652397	3.13E-05	0.010346956
ENSG00000121691	CAT	-2.601594891	3.80E-05	0.011205408
ENSG00000105974	CAV1	-4.264620483	1.04E-07	0.001001181
ENSG00000105971	CAV2	-2.55894226	0.000517207	0.037941281
ENSG00000177469	CAVIN1	-2.349998294	0.000548272	0.039337022
ENSG00000168497	SDPR	-4.184418549	2.72E-06	0.003931937
ENSG00000100307	CBX7	-1.891321066	0.000591268	0.040436852
ENSG00000144395	CCDC150	2.73911434	0.000631158	0.041540171
ENSG00000242715	CCDC169	3.36645764	0.000520585	0.037941281
ENSG00000198624	CCDC69	-2.139910122	0.000168756	0.021716792
ENSG00000055813	CCDC85A	-4.36450843	1.05E-06	0.00274812
ENSG00000101331	CCM2L	-2.267319756	0.000531255	0.038460694
ENSG00000145386	CCNA2	3.275167386	0.00019221	0.02336545
ENSG00000134057	CCNB1	2.732126174	0.000117115	0.018543474
ENSG00000157456	CCNB2	2.498809863	0.000732638	0.044669521
ENSG00000112576	CCND3	-1.824932331	0.000338813	0.031190912
ENSG00000121797	CCRL2	-2.21471526	3.49E-05	0.010926259
ENSG00000134256	CD101	-4.144025712	3.18E-06	0.00436526
ENSG00000177455	CD19	2.880502735	0.000829842	0.047665087
ENSG00000167850	CD300C	-2.687513827	0.000178129	0.022168242
ENSG00000186074	CD300LF	-1.781883555	0.000840897	0.048026405
ENSG00000161649	CD300LG	-6.35607982	4.37E-05	0.011917698
ENSG00000241399	CD302	-1.789272817	0.000317011	0.029998225
ENSG00000135218	CD36	-3.868200194	4.23E-08	0.000852698
ENSG00000104894	CD37	-2.312894939	3.81E-06	0.004900776
ENSG00000073754	CD5L	-4.345815226	0.000139573	0.0201257
ENSG00000117399	CDC20	3.556074755	0.000312891	0.029989578
ENSG00000158402	CDC25C	3.819115985	7.95E-05	0.016239483
ENSG00000094804	CDC6	3.292625734	0.000228749	0.024928663
ENSG00000184661	CDCA2	3.145735653	0.000508441	0.037504968
ENSG00000111665	CDCA3	2.771276476	0.000344215	0.031354123
ENSG00000144354	CDCA7	3.539212382	0.000144526	0.020334696
ENSG00000134690	CDCA8	2.943836501	0.000381115	0.032842938
ENSG00000179776	CDH5	-3.189431326	3.56E-06	0.004788017
ENSG00000170312	CDK1	2.391236353	0.00073723	0.044813945
ENSG00000147889	CDKN2A	4.737604856	5.61E-05	0.013416859
ENSG00000147883	CDKN2B	-2.056011355	6.41E-05	0.014356867
ENSG00000129596	CDO1	-3.627940556	4.10E-06	0.004923545
ENSG00000101290	CDS2	-1.236054414	0.000766262	0.045571119
ENSG00000007129	CEACAM21	-2.450566091	0.000325606	0.030485469
ENSG00000245848	CEBPA	-1.847607606	0.000632371	0.041540171
ENSG00000008300	CELSR3	4.106894937	2.28E-05	0.009010414
ENSG00000115163	CENPA	3.200072354	0.000561725	0.039448515
ENSG00000138778	CENPE	3.117371081	0.00011011	0.01839714
ENSG00000117724	CENPF	3.023457187	1.94E-05	0.008306707
ENSG00000102384	CENPI	2.816432193	0.000174446	0.021981317
ENSG00000123219	CENPK	2.63617303	0.000194084	0.02336545
ENSG00000151725	CENPU	2.836330768	0.00012576	0.019354495
ENSG00000138180	CEP55	3.044467854	0.000531606	0.038460694
ENSG00000197766	CFD	-2.672793311	0.000790611	0.046290901
ENSG00000128849	CGNL1	-2.788380196	9.01E-05	0.016816931
ENSG00000138028	CGREF1	4.86639241	0.000263421	0.026700437
ENSG00000149554	CHEK1	2.485309138	0.000222366	0.02476421
ENSG00000064886	CHI3L2	-3.483515923	2.93E-05	0.010346956
ENSG00000203878	CHIAP2	-5.099096509	0.000272484	0.027151019
ENSG00000111666	CHPT1	-1.709091795	0.000188183	0.023181059
ENSG00000181072	CHRM2	-4.857323122	0.000101633	0.01760953
ENSG00000120903	CHRNA2	-4.99059375	4.99E-05	0.012732903
ENSG00000138615	CILP	3.356462632	0.000594442	0.040436852
ENSG00000160161	CILP2	3.675045539	0.000557375	0.039448515
ENSG00000164442	CITED2	-2.12176843	0.000585406	0.040372998
ENSG00000169607	CKAP2L	3.370640269	0.000163256	0.021486719
ENSG00000066405	CLDN18	-5.375011388	0.000485488	0.036889134
ENSG00000184113	CLDN5	-3.959556308	0.000102099	0.01760953
ENSG00000176435	CLEC14A	-2.832678933	1.08E-05	0.006506547
ENSG00000150048	CLEC1A	-2.427860229	0.000112343	0.018543474
ENSG00000163815	CLEC3B	-4.724677022	1.22E-06	0.002844813
ENSG00000104938	CLEC4M	-4.835448302	0.000686712	0.04278803
ENSG00000112782	CLIC5	-3.840045488	3.98E-05	0.011245651
ENSG00000118432	CNR1	-3.396340355	0.000149686	0.020742779
ENSG00000144619	CNTN4	-2.109856302	0.000314864	0.029998225
ENSG00000134115	CNTN6	-5.694971086	1.54E-07	0.001161104
ENSG00000100473	COCH	4.438716847	0.000489465	0.037046123
ENSG00000123500	COL10A1	5.201475847	0.000195026	0.023404234
ENSG00000060718	COL11A1	7.405685771	3.01E-05	0.010346956
ENSG00000169436	COL22A1	5.677822545	0.000313368	0.029989578
ENSG00000168542	COL3A1	3.244888516	0.000840889	0.048026405
ENSG00000081052	COL4A4	-2.548733814	5.63E-05	0.013416859
ENSG00000172752	COL6A5	-3.376237983	9.52E-06	0.006256592
ENSG00000206384	COL6A6	-3.371898226	0.000351189	0.031655684
ENSG00000198756	COLGALT2	-2.775293959	0.000260198	0.026628712
ENSG00000131055	COX4I2	-3.318507321	6.69E-05	0.014818916
ENSG00000163751	CPA3	-2.655601555	1.67E-05	0.007769283
ENSG00000080618	CPB2	-4.561998414	8.10E-06	0.006013654
ENSG00000106034	CPED1	-2.124992665	0.000137416	0.02004788
ENSG00000135678	CPM	-2.159759109	0.000353121	0.031688162
ENSG00000178773	CPNE7	5.174794327	5.53E-05	0.013384171
ENSG00000143320	CRABP2	8.035584033	0.000210157	0.024119419
ENSG00000111269	CREBL2	-1.113520922	0.000851117	0.048381687
ENSG00000109846	CRYAB	-2.680348335	6.36E-05	0.014356867
ENSG00000163499	CRYBA2	9.339906478	0.000663718	0.042095391
ENSG00000144655	CSRNP1	-2.561620276	0.000736141	0.044792786
ENSG00000170373	CST1	8.878631746	0.00038422	0.032945478
ENSG00000144677	CTDSPL	-1.957802533	4.59E-05	0.012338659
ENSG00000164932	CTHRC1	4.908142676	1.23E-05	0.00692655
ENSG00000169862	CTNND2	-2.644383433	0.000849266	0.048358726
ENSG00000006210	CX3CL1	-2.232716991	0.000872033	0.04892949
ENSG00000168329	CX3CR1	-3.059901381	9.04E-05	0.016816931
ENSG00000156234	CXCL13	4.530446581	0.000352794	0.031688162
ENSG00000071967	CYBRD1	-2.429781251	2.98E-05	0.010346956
ENSG00000140505	CYP1A2	-6.418559551	0.000253045	0.026297073
ENSG00000135929	CYP27A1	-3.349641096	2.20E-06	0.003688281
ENSG00000166265	CYYR1	-2.066221616	0.00022059	0.024760545
ENSG00000276644	DACH1	-2.897699658	0.000134494	0.019933179
ENSG00000035664	DAPK2	-2.188757429	0.000815001	0.047125901
ENSG00000187323	DCC	-3.429516256	0.000150899	0.020742779
ENSG00000164935	DCSTAMP	-3.003758873	0.000609152	0.040734687
ENSG00000105339	DENND3	-1.881751591	0.000148562	0.020703912
ENSG00000024526	DEPDC1	4.192988774	8.86E-05	0.016816931
ENSG00000035499	DEPDC1B	3.726770941	7.21E-05	0.015521193
ENSG00000165507	DEPP1	-3.917124361	1.10E-05	0.006506547
ENSG00000154309	DISP1	-1.903656183	0.000424435	0.034487867
ENSG00000126787	DLGAP5	3.519609154	0.000129858	0.019783856
ENSG00000090932	DLL3	10.36038384	0.000414503	0.034148638
ENSG00000144355	DLX1	8.72342896	0.000181546	0.022454853
ENSG00000006377	DLX6	6.502303246	0.000818952	0.047309144
ENSG00000231764	DLX6-AS1	8.069976325	0.000150769	0.020742779
ENSG00000197587	DMBX1	5.16058883	9.14E-05	0.016833614
ENSG00000138346	DNA2	2.481308654	0.000109993	0.01839714
ENSG00000185842	DNAH14	2.517939029	0.000496716	0.037185202
ENSG00000108176	DNAJC12	3.994836522	0.000161645	0.021486719
ENSG00000178401	DNAJC22	3.538253577	0.000101052	0.01760953
ENSG00000163687	DNASE1L3	-3.238819818	0.00014923	0.020742779
ENSG00000137976	DNASE2B	-4.598426355	0.000251088	0.026214064
ENSG00000088305	DNMT3B	2.620690151	0.000466773	0.036056
ENSG00000147443	DOK2	-2.274570171	0.000339941	0.031247185
ENSG00000159147	DONSON	1.63766581	0.000747744	0.044914623
ENSG00000167261	DPEP2	-2.890198644	1.66E-06	0.003341144
ENSG00000092964	DPYSL2	-2.284419607	3.94E-06	0.004923545
ENSG00000157851	DPYSL5	12.25685159	0.000195607	0.023427539
ENSG00000235123	DSCAM-AS1	9.82553863	0.000902851	0.049915126
ENSG00000120129	DUSP1	-2.48810881	0.000441408	0.035221243
ENSG00000165891	E2F7	3.74927766	0.000540845	0.038942782
ENSG00000129173	E2F8	3.419968305	4.77E-05	0.012542046
ENSG00000108001	EBF3	4.551521448	0.000627698	0.041491865
ENSG00000244280	ECEL1P2	-4.207298012	3.07E-05	0.010346956
ENSG00000114346	ECT2	2.215688984	0.000452461	0.035540485
ENSG00000078401	EDN1	-4.273013833	2.18E-05	0.008730614
ENSG00000136160	EDNRB	-4.405698157	1.29E-06	0.002897506
ENSG00000101210	EEF1A2	6.021610917	0.000412912	0.034148638
ENSG00000114654	EFCC1	-3.300740113	8.56E-06	0.006088133
ENSG00000115380	EFEMP1	-2.623438367	1.66E-05	0.007769283
ENSG00000125266	EFNB2	-2.431818153	7.51E-05	0.015820161
ENSG00000129521	EGLN3	2.704885928	0.000773698	0.045809786
ENSG00000024422	EHD2	-2.309961935	0.000171319	0.02173847
ENSG00000163412	EIF4E3	-1.32871054	0.000507981	0.037504968
ENSG00000155849	ELMO1	-1.570536785	0.000503414	0.03741321
ENSG00000180385	EMC3-AS1	2.493331732	0.000259855	0.026628712
ENSG00000164035	EMCN	-3.175126666	1.73E-05	0.00787324
ENSG00000154920	EME1	2.894014147	0.000866408	0.048792322
ENSG00000213853	EMP2	-2.983863073	5.05E-05	0.012769179
ENSG00000106991	ENG	-2.487865123	0.000125194	0.019316664
ENSG00000164303	ENPP6	-2.726114976	0.00069556	0.043173299
ENSG00000188833	ENTPD8	6.027397092	5.37E-05	0.013155872
ENSG00000116016	EPAS1	-3.490961352	1.94E-06	0.003594016
ENSG00000183317	EPHA10	3.207111319	0.000474518	0.036329472
ENSG00000154928	EPHB1	3.877566742	0.000405154	0.033753361
ENSG00000112425	EPM2A	-1.741565198	0.000381185	0.032842938
ENSG00000198758	EPS8L3	7.753002621	0.000826622	0.047615765
ENSG00000186871	ERCC6L	3.859499988	2.98E-05	0.010346956
ENSG00000139055	ERP27	-2.773933017	0.000137678	0.02004788
ENSG00000149564	ESAM	-2.919572238	2.78E-05	0.010029489
ENSG00000175832	ETV4	3.283846114	1.65E-05	0.007769283
ENSG00000244405	ETV5	-1.713303987	0.000652051	0.042066262
ENSG00000185862	EVI2B	-1.733935502	0.000473333	0.036284651
ENSG00000174371	EXO1	3.22012729	0.000564174	0.039448515
ENSG00000106462	EZH2	3.151803655	4.72E-05	0.012492095
ENSG00000127533	F2RL3	-3.244024321	1.17E-05	0.006737537
ENSG00000121769	FABP3	-2.619890982	0.000376698	0.032688455
ENSG00000170323	FABP4	-4.47957289	9.32E-06	0.006194726
ENSG00000164687	FABP5	-2.405199843	3.78E-05	0.011205408
ENSG00000168309	FAM107A	-5.111088612	1.11E-05	0.006506547
ENSG00000124019	FAM124B	-2.972472304	0.000115128	0.018543474
ENSG00000130054	FAM155B	5.039108786	0.000436084	0.034934671
ENSG00000183807	FAM162B	-2.9168369	0.000155076	0.021077422
ENSG00000175841	FAM172BP	4.934712333	0.000753815	0.045052351
ENSG00000135063	FAM189A2	-3.708142765	1.53E-05	0.00759354
ENSG00000158246	FAM46B	-3.535433185	1.92E-05	0.008306707
ENSG00000197872	FAM49A	-2.034505066	4.91E-05	0.012629259
ENSG00000147689	FAM83A	6.183274475	2.13E-05	0.008676022
ENSG00000204949	FAM83A-AS1	6.070338472	0.000205704	0.024014193
ENSG00000101447	FAM83D	2.713218513	7.26E-05	0.015569891
ENSG00000140525	FANCI	2.163656443	0.000606155	0.040679575
ENSG00000078098	FAP	2.78572042	0.000883254	0.049236749
ENSG00000140092	FBLN5	-3.015979113	1.39E-05	0.007306303
ENSG00000165140	FBP1	-2.795863508	9.09E-05	0.016833614
ENSG00000156804	FBXO32	2.551266109	0.000176866	0.0220636
ENSG00000142748	FCN3	-5.876463952	2.49E-05	0.009532748
ENSG00000132704	FCRL2	2.978237265	0.000701768	0.043444242
ENSG00000143297	FCRL5	3.035164991	0.000369311	0.032453058
ENSG00000268388	FENDRR	-3.985706774	9.95E-05	0.017555829
ENSG00000088340	FER1L4	3.412836013	8.96E-05	0.016816931
ENSG00000101311	FERMT1	2.633735791	0.000520663	0.037941281
ENSG00000073712	FERMT2	-1.450892299	0.000492462	0.037139162
ENSG00000230316	FEZF1-AS1	5.45009783	0.000342932	0.031353439
ENSG00000127084	FGD3	-1.639319872	0.000303351	0.029461929
ENSG00000139132	FGD4	-1.499877563	0.000640597	0.041784255
ENSG00000154783	FGD5	-2.419815461	7.47E-06	0.006013654
ENSG00000138685	FGF2	-2.151398527	0.000239904	0.025727157
ENSG00000160867	FGFR4	-2.72286019	0.000658284	0.042095391
ENSG00000000938	FGR	-2.995942893	4.94E-06	0.005027991
ENSG00000022267	FHL1	-3.29259548	3.47E-05	0.010926259
ENSG00000115641	FHL2	2.836577777	0.000552247	0.039448515
ENSG00000112214	FHL5	-3.249926759	2.44E-05	0.00946496
ENSG00000176971	FIBIN	-2.684486388	0.000223295	0.02476421
ENSG00000118407	FILIP1	-2.591262607	0.000424805	0.034487867
ENSG00000162769	FLVCR1	1.620191961	0.000647252	0.041958993
ENSG00000119686	FLVCR2	-2.137094145	8.81E-05	0.016816931
ENSG00000094963	FMO2	-3.654670006	2.15E-06	0.003688281
ENSG00000230798	FOXD3-AS1	6.403989907	8.45E-05	0.016733096
ENSG00000103241	FOXF1	-3.226530427	1.14E-05	0.006630935
ENSG00000111206	FOXM1	3.167984137	0.000627185	0.041491865
ENSG00000171051	FPR1	-3.140819037	0.000162964	0.021486719
ENSG00000171049	FPR2	-3.894617363	9.25E-05	0.016852753
ENSG00000183090	FREM3	-4.660502685	2.64E-05	0.009811908
ENSG00000172159	FRMD3	-2.210047043	0.000348464	0.031551137
ENSG00000171877	FRMD5	3.75157857	0.000133852	0.019933179
ENSG00000073910	FRY	-2.21377627	0.000116334	0.018543474
ENSG00000105255	FSD1	4.472731948	0.000652072	0.042066262
ENSG00000176920	FUT2	3.499108551	0.000421626	0.03441458
ENSG00000172461	FUT9	9.659002785	0.000119614	0.018742541
ENSG00000137726	FXYD6	-2.49514584	2.14E-05	0.008676022
ENSG00000139112	GABARAPL1	-1.919850551	1.35E-05	0.007221667
ENSG00000011677	GABRA3	7.806725438	0.000490616	0.037046123
ENSG00000099860	GADD45B	-2.554653775	0.000114797	0.018543474
ENSG00000110328	GALNT18	-1.953574602	0.000719081	0.044154501
ENSG00000109586	GALNT7	1.897861493	1.44E-05	0.007329092
ENSG00000182870	GALNT9	6.564039811	0.00046892	0.036104495
ENSG00000179348	GATA2	-2.464876276	0.000203096	0.023991934
ENSG00000141448	GATA6	-2.313986219	9.42E-05	0.016861091
ENSG00000140297	GCNT3	4.045451939	0.000631724	0.041540171
ENSG00000137878	GCOM1	-4.265328204	0.000209076	0.024098403
ENSG00000266524	GDF10	-3.743889886	0.000263348	0.026700437
ENSG00000168621	GDNF	5.559508504	0.000799718	0.046566849
ENSG00000103365	GGA2	-1.319775323	0.000686923	0.04278803
ENSG00000213203	GIMAP1	-2.450789612	1.22E-06	0.002844813
ENSG00000133574	GIMAP4	-1.799296698	0.00011145	0.018543474
ENSG00000133561	GIMAP6	-2.212121486	5.42E-06	0.005045909
ENSG00000179144	GIMAP7	-1.984447207	3.63E-05	0.011031119
ENSG00000171115	GIMAP8	-2.816343463	9.94E-07	0.002732741
ENSG00000101003	GINS1	2.93456087	0.000173406	0.021925174
ENSG00000131153	GINS2	3.921206872	0.000510647	0.037619315
ENSG00000165474	GJB2	4.040247689	0.000371375	0.032496304
ENSG00000183607	GKN2	-4.23765458	0.000262072	0.026700437
ENSG00000166105	GLB1L3	6.767545071	0.000176528	0.0220636
ENSG00000186417	GLDN	-3.192930967	0.000393807	0.033293572
ENSG00000122694	GLIPR2	-2.57125408	8.07E-05	0.016371986
ENSG00000156689	GLYATL2	5.483607854	0.000317922	0.029998225
ENSG00000156052	GNAQ	-1.53670972	0.00012892	0.019740362
ENSG00000127928	GNGT1	5.795753987	0.000558856	0.039448515
ENSG00000135052	GOLM1	2.325147163	5.13E-05	0.01281181
ENSG00000213420	GPC2	6.287926815	0.000164205	0.021486719
ENSG00000147257	GPC3	-3.604616482	2.49E-05	0.009532748
ENSG00000179399	GPC5	-3.302951843	0.000606775	0.040679575
ENSG00000167588	GPD1	-5.015940566	2.39E-06	0.003804774
ENSG00000277494	GPIHBP1	-4.85203771	1.58E-06	0.003294758
ENSG00000150625	GPM6A	-5.393044791	8.79E-07	0.002552803
ENSG00000164849	GPR146	-3.028491773	0.000248498	0.026154676
ENSG00000138271	GPR87	6.380567138	0.0004269	0.034505856
ENSG00000204175	GPRIN2	-3.498635091	7.51E-05	0.015820161
ENSG00000166123	GPT2	2.618714738	6.87E-05	0.015056832
ENSG00000176153	GPX2	6.361573403	0.000849914	0.048358726
ENSG00000211445	GPX3	-3.25179922	0.000168557	0.021716792
ENSG00000166923	GREM1	6.608446079	6.16E-05	0.014220343
ENSG00000155511	GRIA1	-4.904423907	8.34E-06	0.006076072
ENSG00000182771	GRID1	-2.503489163	0.000464496	0.035991538
ENSG00000198873	GRK5	-2.943932249	7.61E-07	0.002552803
ENSG00000134201	GSTM5	-3.194597318	2.71E-05	0.009876697
ENSG00000197273	GUCA2A	-5.398290037	0.000146228	0.020472904
ENSG00000136732	GYPC	-2.161553251	0.000245665	0.026021983
ENSG00000197465	GYPE	-3.518122197	0.000181479	0.022454853
ENSG00000226363	HAGLROS	5.319293824	0.000167754	0.0216801
ENSG00000206172	HBA1	-5.311433274	0.000143269	0.020293464
ENSG00000244734	HBB	-5.282429841	0.000174874	0.021989416
ENSG00000281344	HELLPAR	3.461284901	0.000760115	0.045339266
ENSG00000119969	HELLS	2.414897062	0.000448185	0.035481099
ENSG00000164161	HHIP	-3.898328108	0.000409534	0.033931283
ENSG00000143512	HHIPL2	5.411533366	0.000156853	0.021223636
ENSG00000131097	HIGD1B	-3.943085865	9.20E-06	0.006180043
ENSG00000127946	HIP1	-1.702224631	0.000144568	0.020334696
ENSG00000187837	HIST1H1C	2.054982271	0.000460715	0.035862808
ENSG00000196866	HIST1H2AD	4.532027616	0.000326512	0.030523097
ENSG00000196787	HIST1H2AG	3.395341223	0.000807105	0.046758762
ENSG00000196747	HIST1H2AI	5.050490291	0.000316938	0.029998225
ENSG00000278677	HIST1H2AM	4.459519627	0.000247403	0.026114621
ENSG00000158373	HIST1H2BD	3.133222427	0.000243896	0.025925379
ENSG00000277224	HIST1H2BF	5.447436711	0.000591116	0.040436852
ENSG00000197061	HIST1H4C	6.259087613	0.000668345	0.042239822
ENSG00000158406	HIST1H4H	2.398338517	0.000600252	0.040436852
ENSG00000123485	HJURP	3.818000217	0.000206943	0.024024078
ENSG00000204252	HLA-DOA	-2.097777737	1.82E-05	0.008028001
ENSG00000231389	HLA-DPA1	-2.253703455	0.000176777	0.0220636
ENSG00000229391	HLA-DRB6	-2.68165222	0.000173638	0.021925174
ENSG00000108924	HLF	-2.794144277	0.000673422	0.042358944
ENSG00000149948	HMGA2	8.053567197	0.000554072	0.039448515
ENSG00000029993	HMGB3	2.357185768	1.73E-05	0.00787324
ENSG00000146151	HMGCLL1	-3.798212427	6.48E-05	0.014411322
ENSG00000072571	HMMR	2.964417782	0.000401539	0.03363755
ENSG00000106004	HOXA5	-2.262380004	0.000425878	0.034505856
ENSG00000170689	HOXB9	11.02373642	0.00038785	0.033075219
ENSG00000115756	HPCAL1	-2.161304295	0.000137889	0.02004788
ENSG00000186603	HPDL	4.861775384	0.000218544	0.024614929
ENSG00000110756	HPS5	-1.25769979	0.000617829	0.041063889
ENSG00000171004	HS6ST2	5.155115113	4.90E-05	0.012629259
ENSG00000133835	HSD17B4	-1.668009993	0.000206064	0.024014193
ENSG00000025423	HSD17B6	-4.016310905	2.02E-06	0.003594016
ENSG00000132622	HSPA12B	-2.70337985	0.000333821	0.030967036
ENSG00000169271	HSPB3	-3.690143832	0.000421341	0.03441458
ENSG00000152137	HSPB8	-2.839616274	0.000176923	0.0220636
ENSG00000166736	HTR3A	8.494505884	0.000112688	0.018543474
ENSG00000178084	HTR3C	-4.44380615	0.000800523	0.046566849
ENSG00000122986	HVCN1	-2.007061651	5.51E-05	0.013382533
ENSG00000114378	HYAL1	-2.864026656	0.000567316	0.039576646
ENSG00000172201	ID4	-3.102871806	4.42E-05	0.011991697
ENSG00000119922	IFIT2	-1.708888121	0.000134764	0.019933179
ENSG00000119917	IFIT3	-1.584393548	7.62E-05	0.015953306
ENSG00000136231	IGF2BP3	4.477793291	0.000452408	0.035540485
ENSG00000204866	IGFL2	6.874722525	7.19E-05	0.015521193
ENSG00000211896	IGHG1	4.117170587	0.00090738	0.049948871
ENSG00000211892	IGHG4	4.847266221	0.000649061	0.042031194
ENSG00000152580	IGSF10	-3.316356206	0.000875586	0.049006265
ENSG00000085552	IGSF9	3.264929763	3.13E-05	0.010346956
ENSG00000172349	IL16	-1.290354049	0.000414061	0.034148638
ENSG00000172458	IL17D	-2.640376092	0.000191024	0.023293725
ENSG00000177663	IL17RA	-1.493966444	0.000526594	0.038317592
ENSG00000016402	IL20RA	-2.565879332	0.000490381	0.037046123
ENSG00000174564	IL20RB	5.180351372	0.000416273	0.03417416
ENSG00000164509	IL31RA	5.49155232	0.000109057	0.018381499
ENSG00000185291	IL3RA	-2.176425477	0.000519792	0.037941281
ENSG00000160712	IL6R	-1.601072444	0.000442287	0.035244862
ENSG00000168685	IL7R	-2.522916514	0.000479997	0.036517777
ENSG00000241644	INMT	-5.296766643	9.34E-08	0.001001181
ENSG00000027644	INSRR	5.577138183	0.000748751	0.044927267
ENSG00000183856	IQGAP3	3.429694955	0.000159035	0.021328021
ENSG00000077943	ITGA8	-3.054712721	4.02E-06	0.004923545
ENSG00000005844	ITGAL	-1.867673882	0.000113644	0.018543474
ENSG00000169896	ITGAM	-2.028607148	0.000591249	0.040436852
ENSG00000140678	ITGAX	-2.04143089	6.28E-05	0.014356867
ENSG00000158764	ITLN2	-6.316694017	8.30E-05	0.016662509
ENSG00000078596	ITM2A	-2.692327506	9.76E-06	0.006349247
ENSG00000137825	ITPKA	5.212056264	0.000122078	0.01903003
ENSG00000160593	JAML	-2.25177073	1.27E-05	0.006995506
ENSG00000165757	JCAD	-2.27876928	0.000157862	0.021312472
ENSG00000140044	JDP2	-1.868151112	0.000427308	0.034505856
ENSG00000092051	JPH4	-3.49739754	1.37E-05	0.007250902
ENSG00000197256	KANK2	-2.093673844	7.06E-05	0.015417955
ENSG00000186994	KANK3	-2.991735095	0.000113831	0.018543474
ENSG00000182255	KCNA4	-4.419652899	0.000791682	0.046308825
ENSG00000143473	KCNH1	5.07148436	0.000595699	0.040436852
ENSG00000157551	KCNJ15	-3.067990222	2.62E-05	0.009811908
ENSG00000120457	KCNJ5	-3.154089107	1.86E-06	0.003594016
ENSG00000075043	KCNQ2	6.984952218	0.00071667	0.044140883
ENSG00000162687	KCNT2	-2.989591861	0.000119992	0.018753132
ENSG00000132680	KHDC4	1.552833682	0.000631814	0.041540171
ENSG00000112232	KHDRBS2	-3.369463062	0.000282319	0.027765081
ENSG00000235750	KIAA0040	-1.620570887	7.47E-05	0.015820161
ENSG00000164659	KIAA1324L	-2.800515647	0.000234987	0.025244582
ENSG00000110427	KIAA1549L	6.230647319	0.000563823	0.039448515
ENSG00000138160	KIF11	2.48615005	0.000170445	0.02173847
ENSG00000118193	KIF14	3.910726462	3.83E-05	0.011205408
ENSG00000163808	KIF15	2.467625889	0.000882726	0.049236749
ENSG00000186185	KIF18B	3.625375604	0.000456848	0.035745821
ENSG00000137807	KIF23	2.503185689	0.000270341	0.027071234
ENSG00000162849	KIF26B	3.361580242	2.18E-05	0.008730614
ENSG00000142945	KIF2C	3.536952119	0.000194316	0.02336545
ENSG00000090889	KIF4A	3.502144593	0.000108063	0.018359488
ENSG00000167633	KIR3DL1	-3.35124875	0.000449439	0.03552617
ENSG00000133116	KL	-3.652213069	2.51E-06	0.003892561
ENSG00000163884	KLF15	-3.066104795	0.000558525	0.039448515
ENSG00000171872	KLF17	-3.151376093	0.000517059	0.037941281
ENSG00000067082	KLF6	-1.942218728	0.000360672	0.032127426
ENSG00000119138	KLF9	-2.310128723	3.80E-05	0.011205408
ENSG00000167755	KLK6	6.414775653	0.000439479	0.035113591
ENSG00000184445	KNTC1	2.218296071	0.000159929	0.021400455
ENSG00000234281	LANCL1-AS1	-3.254000891	0.000349298	0.031579356
ENSG00000169744	LDB2	-2.53667385	1.08E-05	0.006506547
ENSG00000174697	LEP	5.323764024	0.00045501	0.035663529
ENSG00000116678	LEPR	-2.295011525	6.41E-05	0.014356867
ENSG00000119862	LGALSL	-2.930953894	8.15E-07	0.002552803
ENSG00000205213	LGR4	2.711411777	8.52E-05	0.016733096
ENSG00000146166	LGSN	6.262572862	3.58E-08	0.000852698
ENSG00000225329	LHFPL3-AS2	-3.513098758	0.000115188	0.018543474
ENSG00000183722	LHFPL6	-2.257378685	1.34E-05	0.007221667
ENSG00000273706	LHX1	8.97858259	0.000583513	0.040326566
ENSG00000106689	LHX2	7.534857798	0.000169992	0.02173847
ENSG00000239998	LILRA2	-2.569000881	0.000690676	0.042977547
ENSG00000204577	LILRB3	-1.929633045	0.000659124	0.042095391
ENSG00000064042	LIMCH1	-2.521487937	0.000142116	0.020212213
ENSG00000072163	LIMS2	-3.161897002	8.74E-06	0.006089242
ENSG00000111052	LIN7A	-2.779974452	7.73E-05	0.016113989
ENSG00000225194	LINC00092	-2.745941672	0.000469043	0.036104495
ENSG00000234880	LINC00163	-5.293675731	0.000160468	0.021425187
ENSG00000255874	LINC00346	2.071772295	0.000869962	0.048901421
ENSG00000245526	LINC00461	5.213624938	0.000353021	0.031688162
ENSG00000272274	LINC00551	-5.035136437	0.000386426	0.03305829
ENSG00000235770	LINC00607	-2.627006071	0.000113696	0.018543474
ENSG00000232677	LINC00665	2.092507989	0.000224458	0.02476421
ENSG00000233117	LINC00702	-2.678894909	0.000373428	0.03256491
ENSG00000281852	LINC00891	-3.573795902	7.12E-05	0.015431215
ENSG00000249628	LINC00942	7.721460549	0.000278053	0.027545974
ENSG00000246430	LINC00968	-4.098358467	3.74E-06	0.004900776
ENSG00000269186	LINC01082	-5.200060952	0.000278692	0.027545974
ENSG00000163364	LINC01116	4.2741155	0.000204942	0.024014193
ENSG00000249550	LINC01234	8.4844451	0.000785139	0.046120529
ENSG00000203999	LINC01270	2.779175282	0.000619012	0.041074608
ENSG00000233077	LINC01271	3.3855736	0.00059526	0.040436852
ENSG00000281097	LINC01395	6.587175854	0.000315947	0.029998225
ENSG00000225431	LINC01671	-3.31792218	0.000394056	0.033293572
ENSG00000235997	LINC01936	-3.430978918	6.39E-05	0.014356867
ENSG00000262772	LINC01977	5.18485794	0.000314586	0.029998225
ENSG00000223783	LINC01983	5.3382428	0.00075055	0.044946062
ENSG00000248243	LINC02014	3.94986306	0.000661529	0.042095391
ENSG00000244215	LINC02016	-5.446074673	7.78E-05	0.016136212
ENSG00000249096	LINC02362	3.710568714	3.85E-05	0.011205408
ENSG00000214039	LINC02418	7.474772276	0.000823182	0.047462853
ENSG00000223914	LINC02471	-4.167857495	0.000443283	0.035259579
ENSG00000228437	LINC02474	6.428059939	0.000278725	0.027545974
ENSG00000234155	LINC02535	7.226894523	0.000258596	0.026628712
ENSG00000261039	LINC02544	4.48325236	0.000738272	0.044832233
ENSG00000260943	LINC02555	-4.043008435	0.000258582	0.026628712
ENSG00000071282	LMCD1	-2.077005228	8.76E-06	0.006089242
ENSG00000135363	LMO2	-1.906872407	0.000478655	0.03646158
ENSG00000136153	LMO7	-2.122737233	0.000879315	0.049111967
ENSG00000111684	LPCAT3	-1.93621101	0.000138772	0.0201257
ENSG00000175445	LPL	-3.114883759	0.000658604	0.042095391
ENSG00000081479	LRP2	-3.20994203	0.00059155	0.040436852
ENSG00000157193	LRP8	1.931949864	0.000847264	0.048298838
ENSG00000163827	LRRC2	-3.237819368	7.89E-05	0.016185222
ENSG00000137507	LRRC32	-2.645647155	2.02E-05	0.008454245
ENSG00000159708	LRRC36	-3.277779345	0.000324694	0.030485469
ENSG00000119681	LTBP2	-1.849462495	0.000371181	0.032496304
ENSG00000248323	LUCAT1	4.629994465	2.04E-05	0.008454245
ENSG00000133800	LYVE1	-3.26168383	4.22E-06	0.004923545
ENSG00000172264	MACROD2	-2.9561259	0.000164441	0.021486719
ENSG00000164109	MAD2L1	3.364335268	9.30E-05	0.016861091
ENSG00000155495	MAGEC1	10.25659612	0.000707474	0.043663437
ENSG00000046774	MAGEC2	10.90301624	0.000635673	0.041609721
ENSG00000234456	MAGI2-AS3	-1.805192619	0.000906894	0.049948871
ENSG00000172005	MAL	-2.890502682	1.27E-05	0.006995506
ENSG00000165072	MAMDC2	-3.823151443	0.000130841	0.019784139
ENSG00000013288	MAN2B2	-1.428108176	0.00063255	0.041540171
ENSG00000189221	MAOA	-2.813754579	3.41E-05	0.010808843
ENSG00000069535	MAOB	-3.108862156	2.13E-05	0.008676022
ENSG00000175130	MARCKSL1	2.277275262	0.000644042	0.041885589
ENSG00000019169	MARCO	-4.243996522	6.50E-06	0.005783521
ENSG00000127241	MASP1	-3.197485932	3.40E-05	0.010808843
ENSG00000105613	MAST1	4.924339972	0.000730482	0.044660106
ENSG00000183019	MCEMP1	-4.236268487	5.11E-05	0.01281181
ENSG00000065328	MCM10	3.739437759	0.000593055	0.040436852
ENSG00000104738	MCM4	1.911455659	0.000557048	0.039448515
ENSG00000112139	MDGA1	-2.134088789	0.000365088	0.032330345
ENSG00000165304	MELK	3.442739849	0.000240553	0.025751109
ENSG00000185432	METTL7A	-2.336718801	0.000358363	0.03201605
ENSG00000254726	MEX3A	4.277405866	2.32E-05	0.009107897
ENSG00000166482	MFAP4	-4.033085686	6.39E-07	0.002415834
ENSG00000100060	MFNG	-2.196540475	3.72E-05	0.01118715
ENSG00000128268	MGAT3	-3.372426452	4.72E-05	0.012492095
ENSG00000074416	MGLL	-1.495992927	0.000837531	0.048015416
ENSG00000251230	MIR3945HG	-4.15131533	5.30E-06	0.005045909
ENSG00000148773	MKI67	2.943222466	0.000589133	0.040436852
ENSG00000099953	MMP11	6.792013777	5.28E-05	0.012977862
ENSG00000173269	MMRN2	-2.443220481	0.000179682	0.022315643
ENSG00000243479	MNX1-AS1	6.613339602	0.0003021	0.029423409
ENSG00000120162	MOB3B	-1.6496064	0.000735777	0.044792786
ENSG00000124615	MOCS1	-2.252572998	0.000109104	0.018381499
ENSG00000204420	MPIG6B	-2.729921415	0.000759333	0.045337362
ENSG00000158186	MRAS	-1.536454059	0.00071824	0.044154501
ENSG00000166961	MS4A15	-4.048098398	0.000769808	0.04569216
ENSG00000166927	MS4A7	-2.014603567	0.000124236	0.019235365
ENSG00000038945	MSR1	-2.904608463	0.000132277	0.019803267
ENSG00000205364	MT1M	-4.801062597	1.67E-05	0.007769283
ENSG00000172167	MTBP	1.902706088	0.000785413	0.046120529
ENSG00000173702	MUC13	6.320720378	0.000887915	0.049360097
ENSG00000196814	MVB12B	-2.177194608	0.000743791	0.044884425
ENSG00000101057	MYBL2	4.260319339	0.000744469	0.044884425
ENSG00000172927	MYEOV	5.906505832	8.00E-05	0.016295647
ENSG00000133026	MYH10	-2.087457781	0.000563177	0.039448515
ENSG00000142347	MYO1F	-1.563119592	0.000341398	0.031333459
ENSG00000177791	MYOZ1	-3.949792388	0.000150599	0.020742779
ENSG00000263155	MYZAP	-4.374012369	2.73E-06	0.003931937
ENSG00000109805	NCAPG	2.928575233	0.00066434	0.042095391
ENSG00000259749	NCAPGP2	-5.065630309	0.000217616	0.02457207
ENSG00000116701	NCF2	-2.304427591	2.71E-05	0.009876697
ENSG00000123338	NCKAP1L	-1.804278553	0.000402327	0.033656887
ENSG00000176771	NCKAP5	-3.443636579	0.000208812	0.024098403
ENSG00000080986	NDC80	3.050687135	0.000387567	0.033075219
ENSG00000173376	NDNF	-2.906858459	0.000127605	0.019588679
ENSG00000123119	NECAB1	-3.170526123	3.12E-05	0.010346956
ENSG00000277586	NEFL	7.011857772	0.000793205	0.046353064
ENSG00000109674	NEIL3	3.966237788	9.33E-05	0.016861091
ENSG00000117650	NEK2	3.82823739	8.15E-06	0.006013654
ENSG00000166342	NETO1	6.279985914	8.99E-05	0.016816931
ENSG00000235568	NFAM1	-1.879054747	0.000317148	0.029998225
ENSG00000177453	NIM1K	-3.218892873	0.000210942	0.024163673
ENSG00000084628	NKAIN1	7.509144446	0.000503805	0.03741321
ENSG00000140807	NKD1	-2.864044461	8.39E-05	0.016733096
ENSG00000145506	NKD2	-2.270768372	0.000418032	0.034213541
ENSG00000229544	NKX1-2	6.632443467	7.10E-05	0.015431215
ENSG00000091106	NLRC4	-2.572146591	3.20E-05	0.010404416
ENSG00000171596	NMUR1	-3.184924005	0.000170686	0.02173847
ENSG00000089250	NOS1	-3.778052786	0.000875879	0.049006265
ENSG00000163072	NOSTRIN	-2.49208972	0.000224186	0.02476421
ENSG00000204301	NOTCH4	-2.118058745	0.000213792	0.024351785
ENSG00000168743	NPNT	-2.572764202	0.000498992	0.037259896
ENSG00000169418	NPR1	-3.383679083	4.36E-06	0.004923545
ENSG00000113389	NPR3	-2.765759086	6.74E-05	0.014872177
ENSG00000181019	NQO1	3.010940662	0.000256225	0.026581907
ENSG00000185737	NRG3	-3.327019323	0.000108754	0.018381499
ENSG00000162631	NTNG1	-3.757347368	0.000260174	0.026628712
ENSG00000143228	NUF2	3.777850927	9.03E-05	0.016816931
ENSG00000174145	NWD2	6.452033367	0.000777159	0.045815543
ENSG00000182575	NXPH3	-3.16059561	3.05E-05	0.010346956
ENSG00000111335	OAS2	-1.419226099	0.000383956	0.032945478
ENSG00000135114	OASL	-2.400247911	0.000369372	0.032453058
ENSG00000145247	OCIAD2	2.206522291	0.000856112	0.048528819
ENSG00000109205	ODAM	-4.245742431	0.000307404	0.029795992
ENSG00000104147	OIP5	2.810257209	0.000663712	0.042095391
ENSG00000183801	OLFML1	-1.917724607	0.000573894	0.039851714
ENSG00000173391	OLR1	-3.027783297	0.000130678	0.019784139
ENSG00000169856	ONECUT1	6.992474173	0.000264427	0.026700437
ENSG00000119547	ONECUT2	6.566636855	0.000598173	0.040436852
ENSG00000124657	OR2B6	6.059865133	0.000241061	0.025759925
ENSG00000091651	ORC6	3.055208431	0.000257172	0.026628712
ENSG00000170909	OSCAR	-3.513199229	5.10E-06	0.005045909
ENSG00000165312	OTUD1	-2.232513648	1.67E-05	0.007769283
ENSG00000187950	OVCH1	-3.690733659	0.000564901	0.039453705
ENSG00000108405	P2RX1	-2.153083692	0.000214321	0.024366071
ENSG00000169860	P2RY1	-1.872363501	0.000404515	0.033746567
ENSG00000171631	P2RY6	3.220222775	0.000507823	0.037504968
ENSG00000101104	PABPC1L	2.135047895	0.000857257	0.048548176
ENSG00000122133	PAEP	8.932043298	8.69E-05	0.016816931
ENSG00000128050	PAICS	1.937400959	0.000117117	0.018543474
ENSG00000107719	PALD1	-2.130372552	3.84E-05	0.011205408
ENSG00000198682	PAPSS2	-2.324200694	2.63E-05	0.009811908
ENSG00000137819	PAQR5	-2.687575179	1.01E-05	0.006386973
ENSG00000185480	PARPBP	2.350945594	0.000661424	0.042095391
ENSG00000138964	PARVG	-1.598634321	0.000519141	0.037941281
ENSG00000009709	PAX7	8.528808535	0.000423493	0.034473916
ENSG00000168078	PBK	3.745541341	0.000561652	0.039448515
ENSG00000280623	PCAT14	-4.920281445	0.000498891	0.037259896
ENSG00000267107	PCAT19	-2.479931302	0.000116082	0.018543474
ENSG00000251664	PCDHA12	-2.638742852	0.000864031	0.048703826
ENSG00000276547	PCDHGB5	-2.572679995	0.00089023	0.049443332
ENSG00000254122	PCDHGB7	-2.650501646	0.000428241	0.034535094
ENSG00000116005	PCYOX1	-1.921157639	0.000101855	0.01760953
ENSG00000100311	PDGFB	-2.358109443	0.000164587	0.021486719
ENSG00000152256	PDK1	2.017231094	0.000443638	0.035259579
ENSG00000004799	PDK4	-3.984411126	8.48E-05	0.016733096
ENSG00000120913	PDLIM2	-2.151904421	0.000654537	0.042066262
ENSG00000133401	PDZD2	-2.79733509	0.00056864	0.039623351
ENSG00000188305	PEAK3	-2.512908015	0.000476613	0.036443747
ENSG00000261371	PECAM1	-2.745256857	4.40E-06	0.004923545
ENSG00000165434	PGM2L1	2.417002003	8.32E-05	0.016662509
ENSG00000067177	PHKA1	1.6582549	0.000311072	0.029942263
ENSG00000140451	PIF1	2.500427357	0.000695964	0.043173299
ENSG00000100100	PIK3IP1	-2.257891825	8.09E-06	0.006013654
ENSG00000085514	PILRA	-2.04204337	0.000704899	0.043556805
ENSG00000107242	PIP5K1B	-2.815097962	8.90E-05	0.016816931
ENSG00000162878	PKDCC	-2.130540294	0.000141404	0.020212213
ENSG00000138308	PLA2G12B	-3.032775391	0.00057085	0.039731562
ENSG00000170890	PLA2G1B	-4.910476702	2.39E-05	0.009335392
ENSG00000168907	PLA2G4F	-4.235002567	0.000243617	0.025925379
ENSG00000189129	PLAC9	-2.570187223	0.000271435	0.027091078
ENSG00000118495	PLAGL1	-1.359525537	0.000795346	0.046433305
ENSG00000121316	PLBD1	-2.336654443	0.000365807	0.032346602
ENSG00000137841	PLCB2	-1.286884173	0.000464749	0.035991538
ENSG00000115896	PLCL1	-1.844196012	0.000375706	0.032688455
ENSG00000147872	PLIN2	-2.14656714	0.000665151	0.042095391
ENSG00000166851	PLK1	3.443153464	0.000229295	0.024943207
ENSG00000142731	PLK4	2.423906698	0.000507728	0.037504968
ENSG00000067113	PLPP1	-1.456777077	0.000634367	0.041609721
ENSG00000141934	PLPP2	2.859099086	0.000613339	0.040854664
ENSG00000162407	PLPP3	-1.684121408	0.000266934	0.026908269
ENSG00000114698	PLSCR4	-1.631172147	0.000230263	0.024986617
ENSG00000141682	PMAIP1	2.949079698	0.000674368	0.042358944
ENSG00000141744	PNMT	-3.793710386	0.000197775	0.023548949
ENSG00000100479	POLE2	2.76063047	9.54E-05	0.017026846
ENSG00000256525	POLG2	1.479708002	0.000558799	0.039448515
ENSG00000051341	POLQ	3.664718346	2.58E-05	0.009758655
ENSG00000113356	POLR3G	2.350183181	0.000656343	0.042095391
ENSG00000184486	POU3F2	5.987597274	0.00065349	0.042066262
ENSG00000132170	PPARG	-1.957635009	5.73E-05	0.013543173
ENSG00000128059	PPAT	2.19939533	5.63E-05	0.013416859
ENSG00000167641	PPP1R14A	-2.830419685	0.000379269	0.032842938
ENSG00000213082	PPP1R14BP2	4.858918376	0.000563558	0.039448515
ENSG00000166143	PPP1R14D	8.737442449	0.000170772	0.02173847
ENSG00000074211	PPP2R2C	6.076223958	0.000742972	0.044884425
ENSG00000133246	PRAM1	-3.071474639	4.77E-06	0.005027991
ENSG00000185686	PRAME	9.267360963	0.000650975	0.042066262
ENSG00000197870	PRB3	9.695443763	0.000337084	0.031079014
ENSG00000188783	PRELP	-2.371008746	0.000638233	0.041732127
ENSG00000124126	PREX1	-1.931226286	4.89E-05	0.012629259
ENSG00000180644	PRF1	-1.808533297	0.000413719	0.034148638
ENSG00000116690	PRG4	-3.633671894	5.85E-05	0.01370273
ENSG00000163637	PRICKLE2	-1.916203745	0.000264421	0.026700437
ENSG00000171132	PRKCE	-2.100617134	0.000164837	0.021486719
ENSG00000027075	PRKCH	-1.584678882	0.000248688	0.026154676
ENSG00000184304	PRKD1	-1.935868137	0.000135847	0.019991362
ENSG00000138669	PRKG2	-3.26161008	7.17E-06	0.006013654
ENSG00000184500	PROS1	-2.153017577	1.52E-05	0.00759354
ENSG00000111215	PRR4	6.516851752	0.000893626	0.049586421
ENSG00000146250	PRSS35	-2.755033817	0.000534713	0.038639217
ENSG00000105227	PRX	-4.332515346	4.81E-06	0.005027991
ENSG00000135069	PSAT1	3.392667051	0.000563835	0.039448515
ENSG00000226652	PSMD10P2	6.112922912	0.00043748	0.035000152
ENSG00000171611	PTCRA	-3.359843832	6.77E-05	0.014884874
ENSG00000107317	PTGDS	-2.893312778	8.80E-05	0.016816931
ENSG00000171522	PTGER4	-1.637693151	0.000520421	0.037941281
ENSG00000160013	PTGIR	-2.023113842	0.000619348	0.041074608
ENSG00000160801	PTH1R	-2.633323258	0.000230933	0.024986617
ENSG00000087494	PTHLH	4.803721274	0.000488292	0.037046123
ENSG00000070778	PTPN21	-2.605863021	1.20E-05	0.006829229
ENSG00000080031	PTPRH	5.642865702	2.37E-07	0.001465628
ENSG00000249859	PVT1	2.905865899	1.40E-05	0.007323524
ENSG00000183010	PYCR1	3.441132932	3.87E-05	0.011205408
ENSG00000156675	RAB11FIP1	-2.359935485	0.000169263	0.021735803
ENSG00000167964	RAB26	3.602874831	0.000231621	0.025016266
ENSG00000169213	RAB3B	6.378463173	0.000561687	0.039448515
ENSG00000085999	RAD54L	3.542856819	0.000264431	0.026700437
ENSG00000131831	RAI2	-2.639513959	1.90E-05	0.008306707
ENSG00000116191	RALGPS2	2.026195745	0.000789449	0.046267681
ENSG00000131477	RAMP2	-3.152012594	3.18E-05	0.010404416
ENSG00000122679	RAMP3	-3.914539719	1.93E-05	0.008306707
ENSG00000058335	RASGRF1	-4.092027014	1.43E-05	0.007329092
ENSG00000068831	RASGRP2	-1.760437438	0.000578872	0.040105285
ENSG00000171777	RASGRP4	-2.326042053	0.000416985	0.03417416
ENSG00000105538	RASIP1	-2.286738916	0.000663969	0.042095391
ENSG00000103710	RASL12	-1.981966766	0.000389733	0.033153581
ENSG00000101265	RASSF2	-1.57753838	0.00051885	0.037941281
ENSG00000266094	RASSF5	-1.456929968	0.000578713	0.040105285
ENSG00000078328	RBFOX1	8.46647856	0.000705026	0.043556805
ENSG00000076067	RBMS2	-1.691205255	0.000623402	0.041298158
ENSG00000138207	RBP4	-3.157623727	0.000281264	0.027706324
ENSG00000172348	RCAN2	-2.155684646	0.000102484	0.01760953
ENSG00000278023	RDM1	4.256680991	0.000388265	0.033075219
ENSG00000122707	RECK	-1.728390587	0.000105502	0.018025698
ENSG00000160957	RECQL4	2.761630715	0.000262841	0.026700437
ENSG00000102032	RENBP	-1.997997517	0.000640393	0.041784255
ENSG00000169891	REPS2	-1.916967386	0.000144246	0.020334696
ENSG00000102760	RGCC	-4.130312907	9.40E-08	0.001001181
ENSG00000130988	RGN	-3.080415541	0.000325279	0.030485469
ENSG00000091844	RGS17	4.224920809	4.73E-05	0.012492095
ENSG00000143248	RGS5	-1.843455901	0.000444644	0.03529319
ENSG00000108370	RGS9	-3.181210745	4.85E-05	0.012629259
ENSG00000103269	RHBDL1	3.905154342	0.00071907	0.044154501
ENSG00000132677	RHBG	5.291457705	0.000614005	0.040854664
ENSG00000126785	RHOJ	-2.017846663	9.21E-05	0.016833614
ENSG00000100599	RIN3	-1.876309567	0.000130353	0.019784139
ENSG00000175643	RMI2	2.380541235	0.000555515	0.039448515
ENSG00000137393	RNF144B	-2.488789795	1.07E-05	0.006506547
ENSG00000185008	ROBO2	-2.797244025	4.13E-05	0.011516662
ENSG00000154133	ROBO4	-2.832249084	0.000224092	0.02476421
ENSG00000244485	RPL18P13	6.017228275	0.000771054	0.045721232
ENSG00000071242	RPS6KA2	-2.066177776	0.000213032	0.024310983
ENSG00000241749	RPSAP52	6.598073379	0.000427002	0.034505856
ENSG00000171848	RRM2	2.660953707	0.000907591	0.049948871
ENSG00000102104	RS1	-4.038342188	0.00013715	0.02004788
ENSG00000169218	RSPO1	-3.612333813	0.000612003	0.04081119
ENSG00000147655	RSPO2	-5.274861893	1.65E-05	0.007769283
ENSG00000182010	RTKN2	-4.152895206	3.54E-05	0.011031119
ENSG00000267750	RUNDC3A-AS1	3.553800132	0.000197789	0.023548949
ENSG00000171509	RXFP1	-2.902064593	7.51E-05	0.015820161
ENSG00000143171	RXRG	-4.38525489	4.71E-05	0.012492095
ENSG00000196754	S100A2	3.300884356	0.000220656	0.024760545
ENSG00000170989	S1PR1	-3.657314687	1.16E-07	0.001001181
ENSG00000125910	S1PR4	-2.239371263	0.000780064	0.045940236
ENSG00000103449	SALL1	7.565017694	0.000134793	0.019933179
ENSG00000256463	SALL3	8.012603976	0.000196732	0.023515721
ENSG00000101115	SALL4	4.375966607	1.72E-05	0.00787324
ENSG00000203727	SAMD5	-2.154165855	0.000226421	0.02476421
ENSG00000101347	SAMHD1	-1.671809172	0.000369693	0.032453058
ENSG00000186193	SAPCD2	4.229820559	0.000115585	0.018543474
ENSG00000111961	SASH1	-1.925470369	0.000193887	0.02336545
ENSG00000122122	SASH3	-1.632801059	0.000750009	0.044946062
ENSG00000164764	SBSPON	-3.032253587	8.26E-05	0.016645006
ENSG00000252481	SCARNA13	5.593690375	0.000805668	0.046720271
ENSG00000177098	SCN4B	-3.287211356	0.000244489	0.02594288
ENSG00000136546	SCN7A	-2.883269484	0.000118657	0.01864089
ENSG00000196876	SCN8A	3.416358844	0.000774967	0.045815543
ENSG00000166828	SCNN1G	-3.036619269	0.000398401	0.033513883
ENSG00000159307	SCUBE1	-3.45987654	7.86E-06	0.006013654
ENSG00000137575	SDCBP	-1.393181983	0.000785375	0.046120529
ENSG00000214491	SEC14L6	-4.426625006	5.87E-06	0.005377652
ENSG00000250722	SELENOP	-2.790492727	5.69E-07	0.002294607
ENSG00000110876	SELPLG	-2.299773249	6.34E-05	0.014356867
ENSG00000010319	SEMA3G	-3.924865346	3.19E-05	0.010404416
ENSG00000137872	SEMA6D	-2.824436218	0.000225219	0.02476421
ENSG00000111897	SERINC1	-1.440623685	0.000600372	0.040436852
ENSG00000180440	SERTM1	-4.99862152	0.000376159	0.032688455
ENSG00000080546	SESN1	-2.136711262	3.05E-05	0.010346956
ENSG00000185303	SFTPA2	-4.511869395	0.00072072	0.044210258
ENSG00000164466	SFXN1	1.519275708	0.000563457	0.039448515
ENSG00000108823	SGCA	-4.085094432	3.08E-05	0.010346956
ENSG00000102683	SGCG	-4.695583052	1.01E-05	0.006386973
ENSG00000129810	SGOL1	3.214781171	0.000271215	0.027091078
ENSG00000095370	SH2D3C	-2.807609324	2.22E-05	0.008830901
ENSG00000178217	SH2D4B	-2.681895617	0.000674432	0.042358944
ENSG00000131370	SH3BP5	-1.880540242	0.000859501	0.048584325
ENSG00000158352	SHROOM4	-2.838975292	0.000104978	0.017986929
ENSG00000149577	SIDT2	-1.731018345	0.000363573	0.032249892
ENSG00000088827	SIGLEC1	-2.108079333	0.000261858	0.026700437
ENSG00000254415	SIGLEC14	-2.167133613	0.000129827	0.019783856
ENSG00000161643	SIGLEC16	-2.864014285	0.000224137	0.02476421
ENSG00000171101	SIGLEC17P	-2.642482266	0.000124349	0.019235365
ENSG00000105501	SIGLEC5	-2.624560016	0.000731007	0.044660106
ENSG00000170145	SIK2	-1.385749238	0.000501785	0.03737615
ENSG00000101307	SIRPB1	-3.372106398	5.29E-06	0.005045909
ENSG00000196209	SIRPB2	-1.941583988	0.0001315	0.019784853
ENSG00000165480	SKA3	3.101549942	0.00044631	0.035378978
ENSG00000018280	SLC11A1	-2.248141317	0.000348316	0.031551137
ENSG00000141469	SLC14A1	-2.962095928	0.000631006	0.041540171
ENSG00000110446	SLC15A3	-2.574356602	7.79E-06	0.006013654
ENSG00000108932	SLC16A6	-2.229942023	0.000583381	0.040326566
ENSG00000165449	SLC16A9	3.543412904	0.000774062	0.045809786
ENSG00000135917	SLC19A3	-2.975249908	0.000100404	0.017602141
ENSG00000106688	SLC1A1	-3.349600422	4.99E-06	0.005027991
ENSG00000155886	SLC24A2	5.506034335	0.000123297	0.019170616
ENSG00000185052	SLC24A3	-2.698399538	3.91E-05	0.011245651
ENSG00000117394	SLC2A1	2.800151846	9.42E-05	0.016861091
ENSG00000142583	SLC2A5	3.178853987	0.000592078	0.040436852
ENSG00000138821	SLC39A8	-2.941435868	6.26E-06	0.005653005
ENSG00000129353	SLC44A2	-1.93661381	0.000508475	0.037504968
ENSG00000142494	SLC47A1	-2.286418858	0.000495942	0.037185202
ENSG00000004939	SLC4A1	-4.47737494	0.00031788	0.029998225
ENSG00000010379	SLC6A13	-3.179363116	0.00090489	0.049936533
ENSG00000108576	SLC6A4	-7.461343288	6.83E-06	0.005900078
ENSG00000151012	SLC7A11	4.349946217	5.89E-05	0.013764875
ENSG00000174640	SLCO2A1	-2.99371984	5.70E-05	0.013511619
ENSG00000137491	SLCO2B1	-1.912589946	0.000246845	0.026101267
ENSG00000173930	SLCO4C1	-3.280701619	0.000496762	0.037185202
ENSG00000137571	SLCO5A1	3.379954636	0.000193424	0.02336545
ENSG00000145147	SLIT2	-2.75044539	7.00E-06	0.005963495
ENSG00000184347	SLIT3	-2.619246489	0.000199448	0.023660221
ENSG00000137834	SMAD6	-4.120561547	1.06E-05	0.006506547
ENSG00000224397	SMIM25	-2.95434238	3.06E-05	0.010346956
ENSG00000255717	SNHG1	1.966790154	0.000112478	0.018543474
ENSG00000242125	SNHG3	1.910545471	0.000571829	0.039753953
ENSG00000281398	SNHG4	3.079064886	0.000208701	0.024098403
ENSG00000201998	SNORA23	9.831055251	0.000674347	0.042358944
ENSG00000200087	SNORA73B	7.931356416	0.000684615	0.042774692
ENSG00000157734	SNX22	-1.970477831	0.000360506	0.032127426
ENSG00000109610	SOD3	-2.269716391	0.000528361	0.038317592
ENSG00000095637	SORBS1	-1.713641579	0.000270132	0.027071234
ENSG00000134243	SORT1	-2.348680002	1.35E-05	0.007221667
ENSG00000171243	SOSTDC1	-5.415819227	0.000142361	0.020212213
ENSG00000168875	SOX14	7.942431494	0.000342419	0.031353439
ENSG00000164736	SOX17	-2.85546417	0.00085865	0.048581575
ENSG00000171056	SOX7	-3.093821885	9.93E-05	0.017555829
ENSG00000164651	SP8	7.500439511	0.000193252	0.02336545
ENSG00000235387	SPAAR	-3.061197735	7.49E-05	0.015820161
ENSG00000061656	SPAG4	2.935572099	0.000584066	0.040326566
ENSG00000076382	SPAG5	3.079990158	0.000131965	0.019803267
ENSG00000152583	SPARCL1	-2.307065133	0.000161511	0.021486719
ENSG00000161888	SPC24	2.856266803	0.000765807	0.045571119
ENSG00000066336	SPI1	-2.328450435	0.000251812	0.026214064
ENSG00000197471	SPN	-3.195190563	4.00E-07	0.002017761
ENSG00000183018	SPNS2	-2.710333771	3.60E-05	0.011031119
ENSG00000152377	SPOCK1	4.625595883	0.000209444	0.024098403
ENSG00000107742	SPOCK2	-4.329527216	4.21E-08	0.000852698
ENSG00000187678	SPRY4	-1.870013471	0.000156702	0.021223636
ENSG00000173898	SPTBN2	2.811475521	0.000477367	0.036455268
ENSG00000102359	SRPX2	2.667521159	0.000863289	0.048703826
ENSG00000132671	SSTR4	-5.346207203	0.000137319	0.02004788
ENSG00000184005	ST6GALNAC3	-2.361140683	0.000315987	0.029998225
ENSG00000004866	ST7	-1.484028749	0.000251542	0.026214064
ENSG00000148488	ST8SIA6	-3.509974541	0.000519397	0.037941281
ENSG00000144681	STAC	-2.500473419	0.000829696	0.047665087
ENSG00000130052	STARD8	-2.634082164	9.16E-05	0.016833614
ENSG00000164647	STEAP1	3.421618816	0.000350369	0.031628875
ENSG00000123473	STIL	2.815403946	4.34E-05	0.011887351
ENSG00000148175	STOM	-2.016971751	0.00022189	0.02476421
ENSG00000135604	STX11	-3.016364205	1.10E-06	0.002760449
ENSG00000117758	STX12	-1.508827661	0.000646177	0.041949839
ENSG00000106089	STX1A	3.489160099	0.000131343	0.019784853
ENSG00000168952	STXBP6	-3.142141885	0.00081147	0.046966669
ENSG00000060140	STYK1	2.211672032	0.000309388	0.029911323
ENSG00000137573	SULF1	3.288159319	0.000250552	0.026214064
ENSG00000173597	SULT1B1	-2.770917214	0.000407349	0.033880401
ENSG00000198075	SULT1C4	-3.113844003	3.59E-05	0.011031119
ENSG00000165124	SVEP1	-2.467345762	0.000329447	0.030655298
ENSG00000127561	SYNGR3	3.183620407	0.000450378	0.03552617
ENSG00000171992	SYNPO	-2.354050961	0.000141724	0.020212213
ENSG00000166317	SYNPO2L	-3.778646806	0.00030982	0.029911323
ENSG00000173227	SYT12	6.520305287	0.000311388	0.029942263
ENSG00000011347	SYT7	3.782355499	5.21E-05	0.012968699
ENSG00000147526	TACC1	-2.365549775	9.42E-05	0.016861091
ENSG00000169836	TACR3	-5.163414123	0.000840606	0.048026405
ENSG00000166012	TAF1D	1.456009266	0.000469192	0.036104495
ENSG00000227954	TARID	-2.806214154	0.000538504	0.038820429
ENSG00000121068	TBX2	-2.599800565	0.000152868	0.020918383
ENSG00000267280	TBX2-AS1	-2.80682496	0.000282823	0.027769428
ENSG00000135111	TBX3	-2.299102919	0.000226235	0.02476421
ENSG00000121075	TBX4	-3.534316473	4.58E-05	0.012338659
ENSG00000089225	TBX5	-2.19222218	5.07E-05	0.012769179
ENSG00000255399	TBX5-AS1	-2.750946431	7.73E-06	0.006013654
ENSG00000059377	TBXAS1	-1.812747041	0.000355481	0.031830432
ENSG00000118526	TCF21	-4.519395677	5.23E-07	0.002294607
ENSG00000134827	TCN1	5.745187888	0.00059925	0.040436852
ENSG00000156414	TDRD9	-2.273814726	0.000460453	0.035862808
ENSG00000162062	TEDC2	3.604489641	0.000201309	0.023827344
ENSG00000167074	TEF	-2.019647279	0.000605283	0.04067701
ENSG00000120156	TEK	-2.384948965	0.000401465	0.03363755
ENSG00000136478	TEX2	-1.29794667	0.000862447	0.048703826
ENSG00000137203	TFAP2A	3.740021406	0.000209576	0.024098403
ENSG00000160182	TFF1	8.681635315	0.000461526	0.035879806
ENSG00000163513	TGFBR2	-2.287223944	4.24E-05	0.011757266
ENSG00000069702	TGFBR3	-3.082886984	2.04E-05	0.008454245
ENSG00000198959	TGM2	-2.101533632	0.000158922	0.021328021
ENSG00000186340	THBS2	3.570401321	0.000167042	0.0216801
ENSG00000136114	THSD1	-2.365488818	0.000726626	0.044482302
ENSG00000136869	TLR4	-1.834794557	0.000344896	0.031366917
ENSG00000136404	TM6SF1	-1.887216414	0.00085519	0.048521984
ENSG00000166448	TMEM130	-2.980779721	5.40E-06	0.005045909
ENSG00000178826	TMEM139	-3.877659874	1.46E-05	0.007342739
ENSG00000146859	TMEM140	-1.565844348	0.000105813	0.018027786
ENSG00000121895	TMEM156	3.851453639	0.000369406	0.032453058
ENSG00000157600	TMEM164	-1.902908287	9.36E-05	0.016861091
ENSG00000157111	TMEM171	4.472327784	0.000310077	0.029911323
ENSG00000131634	TMEM204	-2.92169957	0.000116854	0.018543474
ENSG00000125355	TMEM255A	-2.627993977	0.000139738	0.0201257
ENSG00000147027	TMEM47	-1.930885467	5.28E-05	0.012977862
ENSG00000180694	TMEM64	-2.153597802	3.64E-05	0.011031119
ENSG00000136842	TMOD1	-2.670293252	4.98E-05	0.012732903
ENSG00000187054	TMPRSS11A	5.355714761	0.000879392	0.049111967
ENSG00000087128	TMPRSS11E	6.112086101	0.000854622	0.048521984
ENSG00000186891	TNFRSF18	3.947974245	0.000797108	0.0464913
ENSG00000215788	TNFRSF25	2.526848478	0.000241604	0.02577242
ENSG00000114854	TNNC1	-4.789633476	2.99E-05	0.010346956
ENSG00000079308	TNS1	-2.886136404	5.49E-05	0.013382533
ENSG00000111077	TNS2	-2.170150792	0.000493273	0.03715398
ENSG00000131747	TOP2A	3.645347495	2.04E-05	0.008454245
ENSG00000146242	TPBG	1.503994245	0.000699281	0.043334652
ENSG00000172236	TPSAB1	-2.435939996	0.000867303	0.048797289
ENSG00000088325	TPX2	3.807338281	0.000234336	0.025219453
ENSG00000211689	TRGC1	-2.791761085	0.000459833	0.035862808
ENSG00000227191	TRGC2	-2.414195821	0.000284477	0.027886624
ENSG00000163462	TRIM46	2.33049776	0.000885636	0.049324038
ENSG00000071539	TRIP13	2.945912561	0.000903797	0.049921802
ENSG00000135451	TROAP	3.290868744	0.00030347	0.029461929
ENSG00000137672	TRPC6	-1.994742264	0.000269479	0.027071234
ENSG00000144481	TRPM8	6.624892312	7.60E-05	0.015953306
ENSG00000187688	TRPV2	-2.447339528	7.86E-05	0.016164102
ENSG00000163467	TSACC	3.470702159	0.000422672	0.034453475
ENSG00000157514	TSC22D3	-2.70418042	0.000590147	0.040436852
ENSG00000165409	TSHR	5.423843721	0.000193096	0.02336545
ENSG00000106537	TSPAN13	-1.581243332	0.000838323	0.048015416
ENSG00000156298	TSPAN7	-3.416633875	9.01E-06	0.006123094
ENSG00000100154	TTC28	-1.789291526	0.000205341	0.024014193
ENSG00000112742	TTK	3.246098577	0.000199506	0.023660221
ENSG00000167614	TTYH1	3.569968662	0.000216931	0.024570502
ENSG00000122691	TWIST1	3.89739622	0.000610289	0.040741836
ENSG00000265972	TXNIP	-2.600213235	3.35E-05	0.010808843
ENSG00000107165	TYRP1	-2.369935992	0.000504138	0.03741321
ENSG00000154127	UBASH3B	-2.424254355	0.000113781	0.018543474
ENSG00000175063	UBE2C	3.40197207	0.000355759	0.031830432
ENSG00000215218	UBE2QL1	5.435211974	0.000671097	0.042358944
ENSG00000077152	UBE2T	3.539696743	5.79E-05	0.013615998
ENSG00000276043	UHRF1	3.721332074	0.000275705	0.027426775
ENSG00000243566	UPK3B	-5.652887899	8.53E-06	0.006088133
ENSG00000130307	USHBP1	-2.517317201	0.000430183	0.034599389
ENSG00000214353	VAC14-AS1	4.163831207	0.000336788	0.031079014
ENSG00000165197	FIGF	-5.27540878	2.79E-05	0.010029489
ENSG00000197415	VEPH1	-3.483166561	9.98E-05	0.017555829
ENSG00000128564	VGF	7.809139596	0.000191018	0.023293725
ENSG00000102243	VGLL1	-3.845659022	3.93E-05	0.011245651
ENSG00000127831	VIL1	9.506063249	0.000384563	0.032945478
ENSG00000114812	VIPR1	-4.264361181	0.000118063	0.018595922
ENSG00000062716	VMP1	1.868728542	0.000655166	0.042066262
ENSG00000261373	VPS9D1-AS1	4.033967704	8.12E-06	0.006013654
ENSG00000155659	VSIG4	-3.099967407	0.000158901	0.021328021
ENSG00000107738	VSIR	-2.04514111	0.000141612	0.020212213
ENSG00000165633	VSTM4	-2.104401469	0.000607339	0.040679575
ENSG00000188730	VWC2	-3.200131848	0.000321935	0.030329553
ENSG00000110799	VWF	-2.621496157	0.000335772	0.031079014
ENSG00000103175	WFDC1	-2.820812387	0.000312878	0.029989578
ENSG00000168703	WFDC12	-4.478984565	0.000290965	0.028430467
ENSG00000124116	WFDC3	5.061139277	0.0007437	0.044884425
ENSG00000173714	WFIKKN2	-5.407842644	8.82E-05	0.016816931
ENSG00000109501	WFS1	-2.383089289	0.000203865	0.024014193
ENSG00000154342	WNT3A	-4.419743616	0.000189929	0.023293725
ENSG00000158125	XDH	4.718040552	3.40E-05	0.010808843
ENSG00000196584	XRCC2	3.685184631	1.79E-05	0.008022042
ENSG00000006047	YBX2	4.434105771	5.57E-05	0.013416859
ENSG00000177494	ZBED2	-2.828650973	8.87E-05	0.016816931
ENSG00000146858	ZC3HAV1L	2.059233246	0.000822932	0.047462853
ENSG00000043355	ZIC2	6.993377704	0.000190246	0.023293725
ENSG00000178175	ZNF366	-2.862791391	0.000151892	0.020831967
ENSG00000144331	ZNF385B	-3.422736259	0.000150043	0.020742779
ENSG00000203995	ZYG11A	6.34332714	3.60E-05	0.011031119
